,Familiar_match,Familiar_unmatch,Unfamiliar_match,Unfamiliar_unmatch
Familiar_match,1.0,1.0,0.017060722755804822,0.7135552949118168
Familiar_unmatch,1.0,1.0,0.05912468951634531,1.0
Unfamiliar_match,0.017060722755804822,0.05912468951634531,1.0,0.9251588265864398
Unfamiliar_unmatch,0.7135552949118168,1.0,0.9251588265864398,1.0
