,Familiar_match,Familiar_unmatch,Unfamiliar_match,Unfamiliar_unmatch
Familiar_match,1.0,1.0,0.006644770851480999,1.0
Familiar_unmatch,1.0,1.0,4.82820286717094e-05,0.08170832499283393
Unfamiliar_match,0.006644770851480999,4.82820286717094e-05,1.0,0.2751167026708557
Unfamiliar_unmatch,1.0,0.08170832499283393,0.2751167026708557,1.0
